Team,Strength of Schedule
Arizona Cardinals,0.543
Atlanta Falcons,0.524
Baltimore Ravens,0.474
Buffalo Bills,0.512
Carolina Panthers,0.512
Chicago Bears,0.471
Cincinnati Bengals,0.536
Cleveland Browns,0.495
Dallas Cowboys,0.462
Denver Broncos,0.509
Detroit Lions,0.467
Green Bay Packers,0.478
Houston Texans,0.488
Indianapolis Colts,0.469
Jacksonville Jaguars,0.469
Kansas City Chiefs,0.533
Las Vegas Raiders,0.528
Los Angeles Chargers,0.519
Los Angeles Rams,0.567
Miami Dolphins,0.481
Minnesota Vikings,0.484
New England Patriots,0.498
New Orleans Saints,0.528
New York Giants,0.465
New York Jets,0.495
Philadelphia Eagles,0.464
Pittsburgh Steelers,0.512
San Francisco 49ers,0.533
Seattle Seahawks,0.517
Tampa Bay Buccaneers,0.535
Tennessee Titans,0.471
Washington Commanders,0.462
