Team,Strength of Schedule
Los Angeles Rams,0.567
Arizona Cardinals,0.543
Cincinnati Bengals,0.536
Tampa Bay Buccaneers,0.535
San Francisco 49ers,0.533
Kansas City Chiefs,0.533
Las Vegas Raiders,0.528
New Orleans Saints,0.528
Atlanta Falcons,0.524
Los Angeles Chargers,0.519
Seattle Seahawks,0.517
Carolina Panthers,0.512
Pittsburgh Steelers,0.512
Buffalo Bills,0.512
Denver Broncos,0.509
New England Patriots,0.498
New York Jets,0.495
Cleveland Browns,0.495
Houston Texans,0.488
Minnesota Vikings,0.484
Miami Dolphins,0.481
Green Bay Packers,0.478
Baltimore Ravens,0.474
Chicago Bears,0.471
Tennessee Titans,0.471
Jacksonville Jaguars,0.469
Indianapolis Colts,0.469
Detroit Lions,0.467
New York Giants,0.465
Philadelphia Eagles,0.464
Dallas Cowboys,0.462
Washington Commanders,0.462
